{"products":[{"id":"0.9772015495433701","unitPrice":49.99,"qty":1,"itemsPrice":49.99},{"id":"0.9751015840545445","unitPrice":59.99,"qty":1,"itemsPrice":59.99}],"totalQuantity":2,"totalPrice":109.98}