{"products":[{"id":"0.004738030604398258","unitPrice":49.99,"qty":2,"itemsPrice":99.98},{"id":"0.10509409911395684","unitPrice":69.99,"qty":1,"itemsPrice":69.99}],"totalQuantity":3,"totalPrice":169.97}