{"products":[{"id":"0.004738030604398258","unitPrice":49.99,"qty":1,"itemsPrice":49.99},{"id":"0.17697256534916628","unitPrice":29.99,"qty":1,"itemsPrice":29.99}],"totalQuantity":2,"totalPrice":79.98}